{"0": [0.46129574348200236, -0.03843081700435692, 0.13100617630926087, 0.5373252466567371, 0.03759868617037782, 0.2246906083563076], "1": [0.46536131456832835, -0.03549372766611335, 0.12087365771853492, 0.5342126837528738, 0.033357641518432055, 0.23350991274719252], "2": [0.46288559295499326, -0.03687480067681358, 0.1348114741707699, 0.5386041451797339, 0.038843751547927075, 0.21286917156377003], "3": [0.46524947241463005, -0.03356825461110525, 0.1338974662697421, 0.5316573504105393, 0.03283962338480403, 0.23820827341470993], "4": [0.453830161511957, -0.04379115857671041, 0.14170557153620886, 0.5432511530778595, 0.045629832989192085, 0.2064887727501349], "5": [0.43509416079662994, -0.08187051892614468, 0.1668473404666887, 0.5710641175441697, 0.05409943782139507, 0.19469822013587817], "6": [0.46233164314826347, -0.03781320779924325, 0.13358228937001093, 0.5329712223599534, 0.03282637141244666, 0.2233056388220297], "7": [0.4576998059759907, -0.04904264418039267, 0.15514522651792628, 0.5496990282567258, 0.04295657810034238, 0.20647880173684224], "8": [0.4305070924219919, -0.06393217309405488, 0.16615821364135608, 0.551014162137287, 0.05657489662124028, 0.19537544234008652], "9": [0.439227736566571, -0.05437594474986171, 0.17278270006389485, 0.5798901666410373, 0.08628648532460453, 0.18707070017070637], "10": [0.44559031201117577, -0.05442722896769479, 0.15546360867233142, 0.5544263049739055, 0.05440876399503494, 0.20425917999954088], "11": [0.46519408192628425, -0.03513472276110639, 0.15485214017541274, 0.5351672495914446, 0.03483844490405398, 0.2045151411911951], "12": [0.45877195031315027, -0.04155501644895852, 0.15167028935835825, 0.5415100592090762, 0.04118309244696744, 0.20788175393664404], "13": [0.45446798030059904, -0.04520250773520868, 0.1511361407509552, 0.5451445255254588, 0.0454740374896511, 0.20826814019889697], "14": [0.45306649617175754, -0.0462469040071306, 0.14829514123709067, 0.5466011653910219, 0.047287765212133674, 0.21145514095039233], "15": [0.45423171823873715, -0.04548167412323089, 0.153938217137243, 0.5454821860823169, 0.04576879372034879, 0.20560226606973572], "16": [0.45289770713138566, -0.046774724137556206, 0.14781129084737166, 0.5467747241375562, 0.04710229286861432, 0.21266703935177195], "17": [0.45722569733096047, -0.04214002816035404, 0.15111613966734275, 0.5421676053701704, 0.04280187987885584, 0.20827214116067752], "18": [0.4865451719246268, -0.014972986205421639, 0.0708711421510683, 0.5172915890505827, 0.01577343092053419, 0.2896491407773004], "19": [0.4745129365659932, -0.0272559262972307, 0.08382668890268669, 0.5220995976433094, 0.020330734780085454, 0.27160689266235694], "20": [0.47138211587627815, -0.024054181417677113, 0.08608939148695334, 0.5182096613064227, 0.022773364012467375, 0.27576678911061153], "21": [0.45828070012072797, -0.0419236541426332, 0.15031013958365783, 0.5425692424459659, 0.04236488818260474, 0.2099091398885952], "22": [0.4537608032026641, -0.045374300528790414, 0.14584949095011815, 0.544518418680888, 0.04538331494943348, 0.2139836908674346], "23": [0.4564945482909726, -0.04284430726732714, 0.14378913998813495, 0.5481575062609154, 0.0488186507026157, 0.21489413896412715], "24": [0.45710422264487754, -0.04097767662343074, 0.15113230226869448, 0.5448503426677058, 0.04676844339939759, 0.20151070745653973], "25": [0.43910968754287055, -0.0610957233841296, 0.1615584761521326, 0.5610949524339767, 0.06088954150697649, 0.19822458863468034], "26": [0.479931602055225, -0.023965970566212948, 0.149555140586804, 0.5288061166248376, 0.024908544003399598, 0.22017613867134914], "27": [0.47338803645483846, -0.026581557886683472, 0.1655631404763566, 0.525704745386975, 0.02573515104545303, 0.1921871404519783], "28": [0.4663708486406883, -0.03881412072633167, 0.13176252585114107, 0.5381688733778326, 0.03298390401081264, 0.22081450215377968], "29": [0.4624533369049827, -0.03769161993648099, 0.16327214002818927, 0.5375466637535619, 0.03740170691209823, 0.1980731401017414], "30": [0.4616062221284061, -0.03794264327348933, 0.15942113980860576, 0.5368883477605234, 0.03733948235862796, 0.19393214000226125], "31": [0.4412266991087398, -0.059590715837362314, 0.16763822034211023, 0.56041630600767, 0.05959889106156797, 0.19738981978804931], "32": [0.46372542230636155, -0.032075778253170595, 0.14261613920540675, 0.5281053739018723, 0.03230417334234015, 0.22437813946814403], "33": [0.45256187575997564, -0.04743812424002439, 0.14946568317146167, 0.5473486652477845, 0.04734866524778447, 0.2102802163669573], "34": [0.4586222331563689, -0.03921048501405881, 0.16051514022261962, 0.53889511595172, 0.041062397781292254, 0.19594213994057044], "35": [0.4461701393222394, -0.053335565915539826, 0.15936057985038624, 0.5516834254697153, 0.05217772023193598, 0.19367633985192642], "36": [0.4354060786642784, -0.06373803896098357, 0.16233294069976673, 0.5629002607650234, 0.06375614313976141, 0.1951337396523462], "37": [0.43818415868108007, -0.06153073580115437, 0.15960014075250492, 0.5610861076227887, 0.06137121314055427, 0.19638814026326998], "38": [0.4426605427976145, -0.05711106321957071, 0.1635221798738943, 0.5566182104064047, 0.0568466043892194, 0.19334042014391287], "39": [0.4466354656861999, -0.05366806011170738, 0.15995779032097324, 0.554909811109124, 0.05460628531121672, 0.19804363962100013], "40": [0.43851614906962555, -0.06022214658227496, 0.16025831663818224, 0.5592531740134449, 0.06051487836154435, 0.19413262063474523], "41": [0.44159742062821566, -0.056621093408893465, 0.16306046031625135, 0.5600725104238339, 0.06185399638672482, 0.1929024999758707], "42": [0.44537339888047156, -0.054710266407038896, 0.15759190015704497, 0.5534504865683362, 0.05336682128082566, 0.1949567799440132], "43": [0.44196208706801654, -0.060410253667540346, 0.16802214034111365, 0.5610947329753364, 0.05872239223977949, 0.1961411402917014], "44": [0.4476827893781206, -0.05171150630802943, 0.1549770279100643, 0.550541374143735, 0.05114707845758506, 0.19857291809679134], "45": [0.4472084486830791, -0.05226109748788375, 0.1602126197835909, 0.5515386942666735, 0.05206914809571058, 0.1967220600864397], "46": [0.460943236550361, -0.04067478701698408, 0.14455124479183123, 0.5348076096150902, 0.0331895860477451, 0.21544481031433804], "47": [0.46367136495602485, -0.03605155692034409, 0.1324424392005907, 0.5336972806533311, 0.03397435877696224, 0.22746554160327778], "48": [0.4403996669893774, -0.059600816645709306, 0.1594680203518377, 0.5598378659053344, 0.05983738227024761, 0.2003668599745737], "49": [0.4461934596687459, -0.053806132286540194, 0.16309677237109407, 0.5537591310167014, 0.05375953906141522, 0.19658922206447585], "50": [0.4499203623268421, -0.050079637673157915, 0.15717935225670354, 0.5501772182168564, 0.05017721821685632, 0.20243049013265535], "51": [0.4499090204347349, -0.050090979565265044, 0.1603050318381296, 0.5501191803271683, 0.05011918032716834, 0.19951043450669514], "52": [0.4469904395098817, -0.053008540378333684, 0.15558046019845767, 0.5529232230627777, 0.05292424317456238, 0.20402360349265053], "53": [0.45495093445224033, -0.04504906554775969, 0.16075514018745288, 0.545131089900407, 0.04513108990040698, 0.19890614108950957], "54": [0.45533206313496827, -0.044569649097215315, 0.16142713971645697, 0.5445696490972154, 0.04466793686503174, 0.19832813994796142], "55": [0.4357272738962211, -0.06421479947518546, 0.1663564604541765, 0.5642138924750055, 0.06427181910359889, 0.19342142069549428], "56": [0.4588708501058906, -0.0411351595078714, 0.1435357887691365, 0.5411688169274209, 0.04116280731365894, 0.2162021891570197], "57": [0.45495055846876586, -0.04501947822171192, 0.1545559551354976, 0.5450194782217119, 0.04504944153123417, 0.20498012070381208], "58": [0.4401117429011176, -0.05901314197920396, 0.161716780724238, 0.5589912143226229, 0.05986632944230133, 0.19792647588462697], "59": [0.44615169849550906, -0.054319234584683476, 0.1613941410949932, 0.5544111581783747, 0.05394022509818221, 0.19779614055366382],